City_ID,City,Country,Date,Lat,Lng,Max Temp,Humidity,Cloudiness,Wind Speed
0,Avarua,CK,2022-07-06 16:55:36,-21.2078,-159.775,71.65,60,100,6.91
1,Horta,PT,2022-07-06 16:55:36,38.5333,-28.6333,67.64,77,75,5.75
2,Bambous Virieux,MU,2022-07-06 16:55:37,-20.3428,57.7575,70.05,60,75,10.36
3,Jiexiu,CN,2022-07-06 16:55:37,37.0244,111.9125,77.56,31,0,2.93
4,Kshenskiy,RU,2022-07-06 16:55:37,51.8408,37.7136,74.93,66,99,6.93
5,Castro,BR,2022-07-06 16:55:38,-24.7911,-50.0119,70.38,40,100,7.76
6,Saint-Philippe,RE,2022-07-06 16:55:38,-21.3585,55.7679,67.59,75,70,11.88
7,Bredasdorp,ZA,2022-07-06 16:55:39,-34.5322,20.0403,49.5,83,11,2.04
8,Ntungamo,UG,2022-07-06 16:55:39,-0.8833,29.65,71.87,51,19,2.98
9,Alhandra,BR,2022-07-06 16:55:39,-7.4386,-34.9144,84.42,68,6,12.5
10,Albany,US,2022-07-06 16:52:07,42.6001,-73.9662,76.95,77,93,9.62
11,Rikitea,PF,2022-07-06 16:55:40,-23.1203,-134.9692,74.52,78,3,19.89
12,Ushuaia,AR,2022-07-06 16:55:40,-54.8,-68.3,31.62,74,0,6.91
13,Mahebourg,MU,2022-07-06 16:55:41,-20.4081,57.7,70.09,60,75,10.36
14,Qaanaaq,GL,2022-07-06 16:55:41,77.484,-69.3632,39.52,96,100,1.28
15,Codrington,AU,2022-07-06 16:55:42,-38.2667,141.9667,46.36,84,40,8.3
16,Saskylakh,RU,2022-07-06 16:55:42,71.9167,114.0833,53.58,63,100,3.42
17,Urumqi,CN,2022-07-06 16:55:42,43.801,87.6005,68.95,53,0,4.47
18,Hobart,AU,2022-07-06 16:54:18,-42.8794,147.3294,47.26,88,31,5.53
19,Zhezkazgan,KZ,2022-07-06 16:55:43,47.8043,67.7144,62.98,67,90,6.49
20,Lixourion,GR,2022-07-06 16:55:44,38.2019,20.4314,82.65,70,0,14.36
21,Upernavik,GL,2022-07-06 16:55:44,72.7868,-56.1549,39.83,79,21,10.13
22,Mitsamiouli,KM,2022-07-06 16:55:44,-11.3847,43.2844,77.29,69,20,11.5
23,Tiksi,RU,2022-07-06 16:55:45,71.6872,128.8694,34.43,92,77,3.91
24,Vaini,TO,2022-07-06 16:55:45,-21.2,-175.2,71.76,83,20,8.05
25,Butaritari,KI,2022-07-06 16:55:46,3.0707,172.7902,82.56,75,99,20.36
26,Havoysund,NO,2022-07-06 16:55:46,70.9963,24.6622,57.43,82,86,9.04
27,Jamestown,US,2022-07-06 16:51:49,42.097,-79.2353,74.52,81,100,4.61
28,Vicuna,CL,2022-07-06 16:55:46,-30.0319,-70.7081,68.77,24,6,5.21
29,Bathsheba,BB,2022-07-06 16:55:48,13.2167,-59.5167,86.61,79,20,18.41
30,Hilo,US,2022-07-06 16:52:55,19.7297,-155.09,83.28,85,75,6.91
31,Pisco,PE,2022-07-06 16:55:48,-13.7,-76.2167,63.01,77,85,8.05
32,Port Alfred,ZA,2022-07-06 16:54:21,-33.5906,26.891,57.18,92,23,12.37
33,Bereda,ES,2022-07-06 16:55:49,43.2686,-7.5406,71.42,85,0,10.45
34,Cape Town,ZA,2022-07-06 16:53:07,-33.9258,18.4232,60.89,73,0,10.36
35,Ribeira Grande,PT,2022-07-06 16:55:49,38.5167,-28.7,68.4,77,75,5.75
36,Atuona,PF,2022-07-06 16:55:50,-9.8,-139.0333,77.59,77,17,21.56
37,Tasiilaq,GL,2022-07-06 16:55:50,65.6145,-37.6368,38.91,83,100,5.37
38,Olafsvik,IS,2022-07-06 16:55:51,64.8945,-23.7142,53.78,74,96,6.98
39,Busselton,AU,2022-07-06 16:54:39,-33.65,115.3333,48.02,85,4,10.4
40,Barra Patuca,HN,2022-07-06 16:55:52,15.8,-84.2833,84.47,65,99,11.39
41,Ocampo,MX,2022-07-06 16:55:53,21.65,-101.5,70.59,37,2,6.69
42,Hamilton,US,2022-07-06 16:51:43,39.1834,-84.5333,93.76,72,75,9.22
43,Sovetskiy,RU,2022-07-06 16:55:53,61.3614,63.5842,61.77,74,31,2.98
44,Inta,RU,2022-07-06 16:55:53,66.0317,60.1659,66.81,53,0,9.19
45,Cabo San Lucas,MX,2022-07-06 16:53:31,22.8909,-109.9124,89.62,58,29,8.48
46,Los Llanos De Aridane,ES,2022-07-06 16:55:55,28.6585,-17.9182,73.13,75,75,14.97
47,Mataura,NZ,2022-07-06 16:55:55,-46.1927,168.8643,40.42,87,93,1.92
48,Gunjur,GM,2022-07-06 16:56:55,13.2019,-16.7339,89.67,66,75,9.22
49,Nikolskoye,RU,2022-07-06 16:56:56,59.7035,30.7861,69.69,61,100,1.32
50,Catalina,US,2022-07-06 16:56:56,32.5056,-110.9211,91.6,28,0,5.01
51,Luderitz,NA,2022-07-06 16:56:56,-26.6481,15.1594,58.78,61,0,8.34
52,Puerto Ayora,EC,2022-07-06 16:56:57,-0.7393,-90.3518,73.54,86,35,10.0
53,Aranda De Duero,ES,2022-07-06 16:56:58,41.6704,-3.6892,77.47,38,42,21.65
54,Coquimbo,CL,2022-07-06 16:56:59,-29.9533,-71.3436,60.53,55,0,4.61
55,Pevek,RU,2022-07-06 16:56:59,69.7008,170.3133,32.27,96,100,8.63
56,Nanning,CN,2022-07-06 16:55:16,22.8167,108.3167,81.05,97,100,4.34
57,Kilosa,TZ,2022-07-06 16:57:00,-6.8333,36.9833,70.74,54,57,2.19
58,Bocas Del Toro,PA,2022-07-06 16:55:04,9.3333,-82.25,81.79,73,100,4.27
59,Georgetown,MY,2022-07-06 16:55:17,5.4112,100.3354,83.89,83,20,4.61
60,Kavieng,PG,2022-07-06 16:57:01,-2.5744,150.7967,81.23,79,77,10.83
61,San Policarpo,PH,2022-07-06 16:57:01,12.1791,125.5072,77.97,88,58,4.36
62,Chokurdakh,RU,2022-07-06 16:57:02,70.6333,147.9167,46.13,58,95,9.19
63,Norman Wells,CA,2022-07-06 16:57:03,65.282,-126.8329,68.04,52,20,5.75
64,Punta Arenas,CL,2022-07-06 16:55:04,-53.15,-70.9167,30.31,93,20,9.22
65,Constitucion,CL,2022-07-06 16:57:04,-35.3333,-72.4167,51.82,71,92,15.23
66,Dikson,RU,2022-07-06 16:57:05,73.5069,80.5464,32.59,89,37,8.72
67,Yeppoon,AU,2022-07-06 16:57:05,-23.1333,150.7333,47.98,77,0,7.05
68,Hobyo,SO,2022-07-06 16:57:05,5.3505,48.5268,77.05,81,77,28.43
69,Teguise,ES,2022-07-06 16:57:06,29.0605,-13.564,75.42,57,20,25.32
70,Smolenka,RU,2022-07-06 16:57:06,52.1352,113.4974,57.27,100,85,4.47
71,Colares,PT,2022-07-06 16:54:24,38.7992,-9.4469,84.97,58,20,12.66
72,Longyearbyen,SJ,2022-07-06 16:57:07,78.2186,15.6401,44.44,61,75,18.41
73,Alofi,NU,2022-07-06 16:57:07,-19.0595,-169.9187,69.69,83,98,6.91
74,Chicama,PE,2022-07-06 16:57:09,-7.8447,-79.1469,61.34,61,35,8.01
75,Faya,SA,2022-07-06 16:57:09,18.3851,42.4509,77.11,33,89,5.21
76,Geraldton,AU,2022-07-06 16:57:10,-28.7667,114.6,52.21,100,6,6.91
77,Mercedes,AR,2022-07-06 16:57:10,-34.6515,-59.4307,63.97,68,40,11.92
78,Nizwa,OM,2022-07-06 16:57:11,22.9333,57.5333,87.8,56,90,3.33
79,Grand-Santi,GF,2022-07-06 16:57:11,4.25,-54.3833,81.79,78,86,2.64
80,Athabasca,CA,2022-07-06 16:57:11,54.7169,-113.2854,64.81,82,100,5.59
81,Bluff,NZ,2022-07-06 16:57:12,-46.6,168.3333,48.27,64,100,5.68
82,Eirunepe,BR,2022-07-06 16:57:12,-6.6603,-69.8736,93.87,41,9,2.39
83,Sambhal,IN,2022-07-06 16:57:13,28.5833,78.55,96.44,41,18,8.03
84,Cuxhaven,DE,2022-07-06 16:57:13,53.8718,8.6909,63.97,67,75,18.41
85,Seoul,KR,2022-07-06 16:56:13,37.5683,126.9778,81.84,100,75,4.61
86,Sinnamary,GF,2022-07-06 16:57:14,5.3833,-52.95,77.77,83,98,1.72
87,Haines Junction,CA,2022-07-06 16:57:15,60.7522,-137.5108,58.95,63,86,1.14
88,Yumen,CN,2022-07-06 16:57:16,40.2833,97.2,73.08,27,78,5.41
89,Cervo,ES,2022-07-06 16:57:16,43.6702,-7.4101,66.96,82,0,15.3
90,Port Elizabeth,ZA,2022-07-06 16:57:16,-33.918,25.5701,61.11,89,0,9.22
91,Tambopata,PE,2022-07-06 16:57:17,-12.7333,-69.1833,87.69,55,40,5.75
92,Ballina,AU,2022-07-06 16:57:17,-28.8667,153.5667,56.79,88,25,14.67
93,Kailua,US,2022-07-06 16:57:18,21.4022,-157.7394,77.65,76,100,4.0
94,Suntar,RU,2022-07-06 16:57:18,62.1444,117.6319,57.9,91,100,2.71
95,Portland,US,2022-07-06 16:54:35,45.5234,-122.6762,69.42,87,89,3.0
96,Pizhma,RU,2022-07-06 16:58:19,57.8642,47.1171,70.43,74,59,5.91
97,Guerrero Negro,MX,2022-07-06 16:58:19,27.9769,-114.0611,71.33,67,89,14.12
98,Ponta Do Sol,PT,2022-07-06 16:58:20,32.6667,-17.1,78.71,62,3,3.56
99,Muromtsevo,RU,2022-07-06 16:58:20,56.3724,75.2418,60.73,96,100,1.72
100,Lebu,CL,2022-07-06 16:58:20,-37.6167,-73.65,49.37,72,86,13.15
101,Tocopilla,CL,2022-07-06 16:58:21,-22.092,-70.1979,64.9,71,86,11.88
102,Dakar,SN,2022-07-06 16:54:17,14.6937,-17.4441,86.88,70,75,13.8
103,Hasaki,JP,2022-07-06 16:58:22,35.7333,140.8333,73.29,91,79,18.99
104,Tevaitoa,PF,2022-07-06 16:58:22,-16.7833,-151.5,79.32,65,15,9.15
105,Vanderhoof,CA,2022-07-06 16:58:24,54.0166,-124.0198,61.12,74,98,2.98
106,Tessalit,ML,2022-07-06 16:58:24,20.1986,1.0114,104.58,13,41,2.28
107,Oussouye,SN,2022-07-06 16:58:24,12.485,-16.5469,91.58,68,97,9.46
108,Takoradi,GH,2022-07-06 16:58:25,4.8845,-1.7554,78.51,82,88,10.02
109,Sur,OM,2022-07-06 16:58:25,22.5667,59.5289,85.6,78,84,10.74
110,Kyabram,AU,2022-07-06 16:58:26,-36.3167,145.05,36.88,92,0,7.31
111,Ouesso,CG,2022-07-06 16:58:26,1.6136,16.0517,78.26,75,62,2.13
112,Tilichiki,RU,2022-07-06 16:58:26,60.4667,166.1,48.51,90,100,1.61
113,Tromso,NO,2022-07-06 16:55:51,69.6496,18.957,53.62,76,75,9.22
114,Aklavik,CA,2022-07-06 16:58:27,68.2191,-135.0107,68.0,83,75,3.44
115,Culebra,PR,2022-07-06 16:58:28,18.303,-65.301,81.97,78,6,17.25
116,Klaksvik,FO,2022-07-06 16:58:28,62.2266,-6.589,49.12,86,67,21.5
117,Staryy Nadym,RU,2022-07-06 16:58:28,65.6118,72.6842,63.52,65,94,5.75
118,Ancud,CL,2022-07-06 16:58:29,-41.8697,-73.8203,42.22,77,66,22.12
119,Kapaa,US,2022-07-06 16:58:29,22.0752,-159.319,72.12,92,100,11.59
120,Nuuk,GL,2022-07-06 16:58:30,64.1835,-51.7216,42.17,92,100,8.32
121,Nyurba,RU,2022-07-06 16:58:32,63.2842,118.3319,59.34,81,100,2.21
122,Yellowknife,CA,2022-07-06 16:58:33,62.456,-114.3525,75.72,33,20,6.91
123,Dolinsk,RU,2022-07-06 16:58:34,47.35,142.8,57.2,97,45,5.44
124,Lorengau,PG,2022-07-06 16:58:34,-2.0226,147.2712,81.63,79,50,8.46
125,Dunedin,NZ,2022-07-06 16:54:51,-45.8742,170.5036,43.81,77,59,4.0
126,Mouila,GA,2022-07-06 16:58:35,-1.8685,11.0559,84.42,53,83,2.51
127,Rensvik,NO,2022-07-06 16:58:35,63.1,7.8167,53.26,87,100,8.05
128,Vardo,NO,2022-07-06 16:58:35,70.3705,31.1107,49.73,88,91,10.89
129,Alta Floresta,BR,2022-07-06 16:58:36,-9.8756,-56.0861,93.02,31,20,4.61
130,Villa Carlos Paz,AR,2022-07-06 16:58:36,-31.4241,-64.4978,78.06,33,6,19.04
131,New Norfolk,AU,2022-07-06 16:58:37,-42.7826,147.0587,46.9,78,65,0.49
132,Grindavik,IS,2022-07-06 16:58:37,63.8424,-22.4338,58.95,93,100,19.57
133,Thompson,CA,2022-07-06 16:58:37,55.7435,-97.8558,68.16,45,100,5.75
134,San Rafael,AR,2022-07-06 16:58:38,-34.6177,-68.3301,64.29,15,59,10.36
135,Kapuskasing,CA,2022-07-06 16:58:38,49.4169,-82.4331,60.89,55,40,3.44
136,Chuy,UY,2022-07-06 16:58:39,-33.6971,-53.4616,58.78,94,100,9.13
137,Kone,NC,2022-07-06 16:58:39,-21.0595,164.8658,73.13,83,100,6.04
138,Srednekolymsk,RU,2022-07-06 16:58:40,67.45,153.6833,48.13,89,100,11.83
139,Totness,SR,2022-07-06 16:58:40,5.8833,-56.3167,79.63,84,75,7.02
140,Hampstead,US,2022-07-06 16:59:41,42.8745,-71.1812,81.32,59,89,7.0
141,Salalah,OM,2022-07-06 16:59:41,17.0151,54.0924,78.67,95,100,4.21
142,San Quintin,MX,2022-07-06 16:59:41,30.4833,-115.95,71.2,70,60,13.94
143,Kysyl-Syr,RU,2022-07-06 16:59:42,63.8986,122.7617,56.34,72,98,4.14
144,Hermanus,ZA,2022-07-06 16:58:59,-34.4187,19.2345,52.81,73,16,6.96
145,Pundaguitan,PH,2022-07-06 16:59:42,6.3711,126.1689,82.31,77,82,3.71
146,Husavik,IS,2022-07-06 16:59:43,66.0449,-17.3389,54.32,62,3,8.05
147,Dingle,PH,2022-07-06 16:59:10,10.9995,122.6711,74.03,94,100,4.25
148,Ulaangom,MN,2022-07-06 16:59:43,49.9811,92.0667,59.65,58,92,3.11
149,Salinopolis,BR,2022-07-06 16:59:44,-0.6136,-47.3561,82.81,71,23,8.23
150,Qasigiannguit,GL,2022-07-06 16:59:44,68.8193,-51.1922,40.69,83,100,3.27
151,Diamantino,BR,2022-07-06 16:59:45,-14.4086,-56.4461,90.66,19,43,8.66
152,Promyshlennyy,RU,2022-07-06 16:59:45,67.5833,63.9167,60.57,75,94,3.91
153,Requena,ES,2022-07-06 16:59:45,39.4883,-1.1004,72.79,47,40,10.27
154,Margate,GB,2022-07-06 16:57:33,51.3813,1.3862,72.88,63,100,5.99
155,Katsuura,JP,2022-07-06 16:59:46,35.1333,140.3,72.27,90,98,18.45
156,Prince Albert,CA,2022-07-06 16:59:47,53.2001,-105.7677,60.75,82,100,4.61
157,Narok,KE,2022-07-06 16:59:48,-1.0783,35.8601,58.48,70,97,2.77
158,Brewster,US,2022-07-06 16:57:33,41.3973,-73.6171,85.19,63,63,1.01
159,Tautira,PF,2022-07-06 16:59:48,-17.7333,-149.15,78.01,75,21,11.18
160,Bousso,TD,2022-07-06 16:59:49,10.4795,16.7117,84.09,55,63,5.23
161,Port Hardy,CA,2022-07-06 16:59:49,50.6996,-127.4199,57.38,94,75,4.61
162,Nanortalik,GL,2022-07-06 16:59:50,60.1432,-45.2371,45.23,87,97,10.69
163,Lazaro Cardenas,MX,2022-07-06 16:59:50,17.9583,-102.2,82.85,68,86,2.89
164,Rabo De Peixe,PT,2022-07-06 16:59:51,37.8,-25.5833,67.51,68,40,6.91
165,Makakilo City,US,2022-07-06 16:59:51,21.3469,-158.0858,76.19,70,90,15.19
166,Carnarvon,AU,2022-07-06 16:57:26,-24.8667,113.6333,65.7,29,0,9.75
167,Vanimo,PG,2022-07-06 16:59:53,-2.6741,141.3028,76.86,89,98,3.67
168,Palafrugell,ES,2022-07-06 16:59:54,41.9174,3.1631,82.42,56,81,1.99
169,Coari,BR,2022-07-06 16:59:54,-4.085,-63.1414,88.66,58,10,1.7
170,Bansang,GM,2022-07-06 16:59:54,13.4333,-14.65,93.24,48,83,5.48
171,Ilulissat,GL,2022-07-06 16:59:55,69.2167,-51.1,39.83,82,100,3.02
172,Chardara,KZ,2022-07-06 16:59:55,41.2547,67.9692,81.0,24,2,11.16
173,Kushima,JP,2022-07-06 16:59:56,31.4583,131.2333,76.89,92,100,5.41
174,Cherskiy,RU,2022-07-06 16:59:56,68.75,161.3,40.19,79,100,9.44
175,Mar Del Plata,AR,2022-07-06 16:58:42,-38.0023,-57.5575,51.1,100,46,11.5
176,Mnogovershinnyy,RU,2022-07-06 16:59:57,53.9353,139.9242,68.95,74,87,5.3
177,Kaitangata,NZ,2022-07-06 16:57:32,-46.2817,169.8464,44.24,78,91,4.94
178,Barrow,US,2022-07-06 16:59:57,71.2906,-156.7887,42.82,94,99,3.27
179,East London,ZA,2022-07-06 16:59:57,-33.0153,27.9116,58.14,94,0,2.3
180,Ahipara,NZ,2022-07-06 16:59:58,-35.1667,173.1667,55.71,93,100,7.63
181,San Patricio,US,2022-07-06 16:59:58,28.017,-97.5169,93.07,46,96,12.82
182,Bernay,FR,2022-07-06 16:59:59,49.1667,0.6667,75.67,57,75,7.0
183,Ixtapa,MX,2022-07-06 16:59:59,20.7,-105.2,85.23,74,77,3.98
184,Slave Lake,CA,2022-07-06 17:00:00,55.2834,-114.769,58.98,77,100,9.22
185,Bubaque,GW,2022-07-06 17:01:00,11.2833,-15.8333,81.05,78,88,12.19
186,Zhigansk,RU,2022-07-06 17:01:00,66.7697,123.3711,53.8,68,84,8.21
187,Minbu,MM,2022-07-06 17:01:01,20.1833,94.8833,83.46,75,100,7.54
188,Novobirilyussy,RU,2022-07-06 17:01:01,56.9514,90.6661,58.28,99,100,3.53
189,Verkh-Usugli,RU,2022-07-06 17:01:02,52.7,115.1667,53.01,97,86,3.04
190,Waspan,NI,2022-07-06 17:01:03,14.7419,-83.9717,87.69,55,97,8.48
191,Poum,NC,2022-07-06 16:57:17,-20.2333,164.0167,77.18,82,100,21.63
192,Warrnambool,AU,2022-07-06 17:01:04,-38.3833,142.4833,47.8,77,56,11.65
193,Dori,BF,2022-07-06 17:01:04,14.0354,-0.0345,98.71,26,13,4.65
194,Magistralnyy,RU,2022-07-06 17:01:05,56.1725,107.4458,56.44,79,100,6.02
195,Pierre,US,2022-07-06 16:57:31,44.3683,-100.351,78.28,80,75,5.01
196,Naron,ES,2022-07-06 17:01:06,43.5167,-8.1528,79.03,68,0,17.34
197,Porto Torres,IT,2022-07-06 16:58:28,40.835,8.3972,84.38,52,68,9.6
198,Estelle,US,2022-07-06 17:01:07,29.8458,-90.1067,91.99,65,9,1.01
199,Antsla,EE,2022-07-06 17:01:07,57.8256,26.5406,63.84,67,100,4.65
200,Arraial Do Cabo,BR,2022-07-06 16:57:59,-22.9661,-42.0278,84.16,50,0,12.66
201,Baiyin,CN,2022-07-06 17:01:08,36.5583,104.2081,79.0,29,21,3.87
202,Narsaq,GL,2022-07-06 17:01:09,60.9167,-46.05,57.42,80,100,7.52
203,Bay Roberts,CA,2022-07-06 17:01:09,47.5999,-53.2648,75.65,56,100,8.01
204,Lam Luk Ka,TH,2022-07-06 17:01:10,13.9323,100.7494,87.01,77,20,8.05
205,Bethel,US,2022-07-06 17:01:11,41.3712,-73.414,84.94,64,69,1.99
206,Nome,US,2022-07-06 17:01:11,64.5011,-165.4064,54.16,91,100,6.08
207,Teeli,RU,2022-07-06 17:01:12,51.0333,90.2333,59.68,52,87,2.51
208,Togur,RU,2022-07-06 17:01:12,58.3631,82.8265,61.5,71,43,8.3
209,Along,IN,2022-07-06 17:01:13,28.1667,94.7667,77.09,98,16,0.58
210,Sao Filipe,CV,2022-07-06 17:01:14,14.8961,-24.4956,76.73,83,55,12.21
211,Juneau,US,2022-07-06 16:57:30,58.3019,-134.4197,60.98,100,100,0.51
212,Bandarbeyla,SO,2022-07-06 17:01:15,9.4942,50.8122,76.6,81,7,37.11
213,Kamaishi,JP,2022-07-06 17:01:15,39.2667,141.8833,68.23,92,54,8.59
214,Inhambane,MZ,2022-07-06 17:01:16,-23.865,35.3833,66.61,71,0,4.07
215,Sao Joao Da Barra,BR,2022-07-06 17:01:16,-21.6403,-41.0511,75.52,63,0,17.13
216,Souillac,MU,2022-07-06 17:01:14,-20.5167,57.5167,68.99,67,100,14.23
217,Riyadh,SA,2022-07-06 17:01:07,24.6877,46.7219,97.38,11,83,11.25
218,Taoudenni,ML,2022-07-06 17:01:18,22.6783,-3.9836,115.25,4,3,10.27
219,Soyo,AO,2022-07-06 17:01:18,-6.1349,12.3689,72.05,77,50,9.26
220,La Asuncion,VE,2022-07-06 17:01:19,11.0333,-63.8628,82.58,72,87,15.21
221,The Pas,CA,2022-07-06 17:00:47,53.8251,-101.2541,60.82,82,100,3.44
222,Quatre Cocos,MU,2022-07-06 17:01:20,-20.2078,57.7625,69.1,67,88,14.85
223,Khatanga,RU,2022-07-06 16:58:56,71.9667,102.5,55.42,54,96,4.79
224,Alice Springs,AU,2022-07-06 17:01:20,-23.7,133.8833,31.55,64,0,4.61
225,Teno,CL,2022-07-06 17:01:21,-34.8667,-71.1833,43.54,97,100,4.72
226,Port Augusta,AU,2022-07-06 17:01:22,-32.5,137.7667,47.82,82,19,3.94
227,Abulug,PH,2022-07-06 17:01:22,18.4453,121.4533,78.62,87,98,6.53
228,Sabzevar,IR,2022-07-06 17:01:23,36.2126,57.6819,80.26,22,0,14.97
229,Sioux Lookout,CA,2022-07-06 17:00:15,50.1001,-91.917,75.06,31,8,4.72
230,Moron,AR,2022-07-06 17:02:25,-34.6534,-58.6198,56.01,98,77,7.25
231,Namibe,AO,2022-07-06 17:02:25,-15.1961,12.1522,66.25,84,6,6.69
232,Maragogi,BR,2022-07-06 17:02:26,-9.0122,-35.2225,78.55,81,15,13.02
233,Lasa,IT,2022-07-06 17:02:26,46.6166,10.7002,76.37,50,47,2.21
234,Peace River,CA,2022-07-06 17:00:19,56.2501,-117.286,64.83,65,15,5.97
235,Jorochito,BO,2022-07-06 17:02:27,-18.05,-63.4333,87.73,39,85,13.58
236,Pampa,US,2022-07-06 16:57:46,35.5362,-100.9599,96.84,28,0,9.22
237,Nador,MA,2022-07-06 17:02:27,35.174,-2.9287,82.65,61,0,4.61
238,Victoria,HK,2022-07-06 17:00:59,22.2855,114.1577,84.38,87,100,5.99
239,Kolhapur,IN,2022-07-06 16:59:14,16.7,74.2167,72.25,88,100,10.92
240,Bakhmach,UA,2022-07-06 17:02:28,51.1808,32.7569,77.18,62,86,9.86
241,Kununurra,AU,2022-07-06 17:02:13,-15.7667,128.7333,49.98,81,46,1.14
242,Hambantota,LK,2022-07-06 17:01:30,6.1241,81.1185,81.77,73,100,18.39
243,Sampit,ID,2022-07-06 17:02:29,-2.5333,112.95,73.11,98,98,1.88
244,Sao Domingos Do Maranhao,BR,2022-07-06 17:02:30,-5.5758,-44.3853,91.24,35,38,7.99
245,Komsomolskiy,UZ,2022-07-06 17:02:30,40.4272,71.7189,84.92,24,0,2.3
246,Rio Grande,BR,2022-07-06 17:02:30,-32.035,-52.0986,60.93,94,100,13.4
247,Kanniyakumari,IN,2022-07-06 17:02:31,8.0833,77.5667,81.68,69,100,15.86
248,Bida,NG,2022-07-06 17:02:31,9.0833,6.0167,85.82,66,83,2.73
249,Thanh Hoa,VN,2022-07-06 16:59:20,19.8,105.7667,80.46,92,100,1.92
250,Waipawa,NZ,2022-07-06 17:02:32,-41.4122,175.5153,38.01,84,71,3.89
251,Cidreira,BR,2022-07-06 17:02:33,-30.1811,-50.2056,66.7,86,100,12.08
252,Dubai,AE,2022-07-06 16:59:14,25.2582,55.3047,102.49,34,0,12.66
253,Tuktoyaktuk,CA,2022-07-06 17:02:33,69.4541,-133.0374,52.5,74,1,5.77
254,Heihe,CN,2022-07-06 17:02:34,50.2441,127.4902,70.86,94,100,7.54
255,Kruisfontein,ZA,2022-07-06 17:02:34,-34.0033,24.7314,58.89,75,0,2.8
256,Progreso,MX,2022-07-06 16:58:34,21.2833,-89.6667,90.1,60,43,10.36
257,Lakes Entrance,AU,2022-07-06 17:02:36,-37.8811,147.981,38.16,76,53,7.65
258,Atambua,ID,2022-07-06 17:02:37,-9.1061,124.8925,65.03,82,19,6.02
259,Atar,MR,2022-07-06 17:02:37,20.5169,-13.0499,111.9,7,5,14.72
260,Bam,IR,2022-07-06 17:02:37,29.106,58.357,93.42,16,20,11.25
261,Yatou,CN,2022-07-06 17:02:38,37.15,122.3833,75.4,97,100,18.79
262,Imbituba,BR,2022-07-06 17:02:39,-28.24,-48.6703,70.09,87,100,4.0
263,Khorixas,NA,2022-07-06 17:02:39,-20.3667,14.9667,73.47,23,0,6.13
264,Martuni,AM,2022-07-06 17:02:40,40.1377,45.3045,57.43,70,42,7.76
265,Harper,LR,2022-07-06 17:02:40,4.375,-7.7169,79.79,75,55,10.11
266,Lata,PT,2022-07-06 17:02:41,40.1629,-8.3327,86.49,51,0,12.15
267,Chernyshevskiy,RU,2022-07-06 17:02:42,63.0128,112.4714,52.09,72,87,4.07
268,Beringovskiy,RU,2022-07-06 17:02:42,63.05,179.3167,46.06,89,92,4.25
269,Velika Gorica,HR,2022-07-06 17:02:43,45.7125,16.0756,84.7,35,0,6.91
270,Kodinar,IN,2022-07-06 17:02:43,20.7903,70.7031,81.3,87,89,15.95
271,Isangel,VU,2022-07-06 17:02:44,-19.55,169.2667,74.37,89,76,7.38
272,Hami,CN,2022-07-06 17:02:45,42.8,93.45,81.16,25,64,16.44
273,Stolin,BY,2022-07-06 17:02:45,51.8912,26.846,59.0,86,100,9.93
274,Bilibino,RU,2022-07-06 17:02:46,68.0546,166.4372,47.66,87,100,1.7
275,Pacific Grove,US,2022-07-06 17:02:46,36.6177,-121.9166,66.81,81,100,3.44
276,Asau,RO,2022-07-06 17:03:46,46.4333,26.4,70.72,89,98,2.77
277,Carutapera,BR,2022-07-06 17:03:47,-1.195,-46.02,81.21,81,4,4.43
278,Machinga,MW,2022-07-06 17:03:47,-15.1685,35.3,66.43,54,80,3.98
279,Lompoc,US,2022-07-06 17:03:48,34.6391,-120.4579,64.85,81,100,12.66
280,Hailar,CN,2022-07-06 17:03:48,49.2,119.7,57.74,95,94,8.66
281,Gamba,GA,2022-07-06 17:03:49,-2.65,10.0,71.83,81,88,9.42
282,Labuhan,ID,2022-07-06 17:03:49,-6.8844,112.2051,77.56,85,94,4.59
283,Puerto Baquerizo Moreno,EC,2022-07-06 17:03:49,-0.9,-89.6,76.19,73,75,10.36
284,Cayenne,GF,2022-07-06 16:58:58,4.9333,-52.3333,84.09,19,0,4.0
285,Laredo,US,2022-07-06 17:01:41,27.5064,-99.5075,95.29,41,0,14.97
286,Torbay,CA,2022-07-06 16:58:56,47.6666,-52.7314,74.88,45,75,20.71
287,Talnakh,RU,2022-07-06 17:03:50,69.4865,88.3972,53.35,91,100,3.4
288,Ranikhet,IN,2022-07-06 17:03:51,29.65,79.4167,69.01,79,75,1.81
289,Kawalu,ID,2022-07-06 17:03:51,-7.3817,108.2082,71.42,98,91,1.95
290,Labuan,MY,2022-07-06 17:03:52,5.2767,115.2417,82.45,75,87,12.46
291,Barra Do Garcas,BR,2022-07-06 17:03:52,-15.89,-52.2567,88.7,22,2,8.46
292,Otane,NZ,2022-07-06 17:03:52,-39.8833,176.6333,37.71,94,71,1.32
293,Ust-Ilimsk,RU,2022-07-06 17:03:53,58.0006,102.6619,58.03,74,14,2.42
294,Barahona,DO,2022-07-06 17:03:53,18.2085,-71.1008,87.62,74,40,11.5
295,Kijang,KR,2022-07-06 17:03:54,35.2442,129.2139,77.7,91,98,2.55
296,Ossora,RU,2022-07-06 17:03:45,59.2353,163.0719,53.33,87,90,4.41
297,Hokitika,NZ,2022-07-06 17:03:55,-42.7167,170.9667,44.53,82,100,6.2
298,Qaqortoq,GL,2022-07-06 17:03:55,60.7167,-46.0333,45.39,87,99,4.47
299,Rurrenabaque,BO,2022-07-06 17:03:20,-14.4413,-67.5278,91.45,38,1,4.43
300,Jamsa,FI,2022-07-06 16:59:12,61.8642,25.19,65.14,68,78,8.7
301,Chilca,PE,2022-07-06 17:03:57,-12.5211,-76.7372,63.37,76,55,8.32
302,Luanda,AO,2022-07-06 17:02:36,-8.8368,13.2343,71.6,83,20,4.61
303,Sitka,US,2022-07-06 17:03:57,57.0531,-135.33,57.09,88,75,3.44
304,Mazatlan,MX,2022-07-06 16:59:10,23.2167,-106.4167,88.92,64,82,5.01
305,Pavlohrad,UA,2022-07-06 17:03:58,48.5167,35.8667,81.61,39,74,2.46
306,Sars,RU,2022-07-06 17:03:58,56.5502,57.1366,55.04,99,87,5.64
307,Toamasina,MG,2022-07-06 17:03:59,-18.1667,49.3833,70.38,83,45,5.41
308,Mamallapuram,IN,2022-07-06 17:03:59,12.6264,80.1722,82.45,80,100,11.32
309,Romitan,UZ,2022-07-06 17:03:59,39.9343,64.3814,85.95,20,0,6.91
310,Eenhana,NA,2022-07-06 17:04:00,-17.4667,16.3333,69.15,26,0,5.26
311,Beloha,MG,2022-07-06 17:04:00,-25.1667,45.05,67.6,72,0,8.1
312,Tezu,IN,2022-07-06 17:04:01,27.9167,96.1667,78.69,96,5,3.22
313,Rumford,US,2022-07-06 17:04:01,44.5537,-70.5509,75.69,66,52,12.21
314,Flinders,AU,2022-07-06 17:04:02,-34.5833,150.8552,58.17,91,100,4.0
315,Albanel,CA,2022-07-06 17:04:02,48.8832,-72.4487,69.39,37,11,4.74
316,Birjand,IR,2022-07-06 17:04:02,32.8663,59.2211,76.89,23,0,10.02
317,Hithadhoo,MV,2022-07-06 17:04:03,-0.6,73.0833,83.12,75,100,9.4
318,Sioux Falls,US,2022-07-06 16:59:28,43.55,-96.7003,81.09,76,100,1.99
319,Isla Mujeres,MX,2022-07-06 17:04:04,21.2311,-86.731,87.17,66,14,8.05
320,Boca Do Acre,BR,2022-07-06 17:04:04,-8.7522,-67.3978,94.44,38,5,3.42
321,Itaituba,BR,2022-07-06 17:04:05,-4.2761,-55.9836,94.3,38,31,2.35
322,Aguimes,ES,2022-07-06 17:04:05,27.9054,-15.4461,74.03,57,20,33.38
323,Swellendam,ZA,2022-07-06 17:04:05,-34.0226,20.4417,54.52,59,1,4.59
324,Palmas,BR,2022-07-06 17:05:06,-10.2128,-48.3603,89.47,37,20,6.91
325,Kloulklubed,PW,2022-07-06 17:05:06,7.0419,134.2556,82.31,74,75,1.97
326,Rock Sound,BS,2022-07-06 17:05:07,24.9,-76.2,82.27,71,35,14.18
327,Bengkulu,ID,2022-07-06 17:05:27,-3.8004,102.2655,78.35,86,100,4.0
328,Phangnga,TH,2022-07-06 17:05:27,8.4509,98.5298,78.84,93,93,2.89
329,Yar-Sale,RU,2022-07-06 17:05:27,66.8333,70.8333,60.4,68,91,4.9
330,Bairiki,KI,2022-07-06 17:05:28,1.3292,172.9752,80.6,83,75,11.5
331,Media Luna,CU,2022-07-06 17:05:28,20.1419,-77.435,86.86,59,7,7.23
332,Dasoguz,TM,2022-07-06 17:05:29,41.8363,59.9666,78.49,29,0,13.76
333,Coihaique,CL,2022-07-06 17:03:48,-45.5752,-72.0662,34.41,93,75,4.61
334,Touba,CI,2022-07-06 17:05:29,8.2833,-7.6833,80.17,78,57,3.6
335,Vestmanna,FO,2022-07-06 17:05:30,62.1564,-7.1664,47.32,81,75,14.97
336,Kodiak,US,2022-07-06 17:05:30,57.79,-152.4072,54.91,88,100,3.44
337,Noyabrsk,RU,2022-07-06 17:05:30,63.1994,75.4507,61.48,62,51,6.26
338,Vila Velha,BR,2022-07-06 17:05:31,-20.3297,-40.2925,82.35,61,20,13.8
339,Tuatapere,NZ,2022-07-06 17:05:31,-46.1333,167.6833,38.64,88,56,3.89
340,Moses Lake,US,2022-07-06 17:04:26,47.1301,-119.2781,72.88,78,75,5.75
341,Bonthe,SL,2022-07-06 17:05:32,7.5264,-12.505,80.89,72,72,9.57
342,Gubkinskiy,RU,2022-07-06 17:05:32,64.434,76.5026,64.08,70,92,7.58
343,Suzun,RU,2022-07-06 17:05:33,53.7841,82.3116,56.77,99,52,3.49
344,Severo-Kurilsk,RU,2022-07-06 17:05:33,50.6789,156.125,52.38,76,100,11.72
345,Victoria Falls,ZW,2022-07-06 17:05:34,-17.9235,25.843,64.38,40,1,3.2
346,Casa Grande,US,2022-07-06 17:05:34,32.8795,-111.7573,96.42,21,0,8.05
347,El Alto,PE,2022-07-06 17:05:34,-4.2714,-81.2147,69.46,62,9,14.72
348,Provideniya,RU,2022-07-06 17:05:35,64.3833,-173.3,47.62,89,100,2.82
349,Namatanai,PG,2022-07-06 17:05:35,-3.6667,152.4333,79.03,79,99,6.4
350,Saint-Pierre,RE,2022-07-06 17:05:38,-21.3393,55.4781,67.91,70,100,8.05
351,Iqaluit,CA,2022-07-06 17:05:39,63.7506,-68.5145,38.93,100,100,8.05
352,Kahului,US,2022-07-06 17:03:44,20.8947,-156.47,77.85,69,20,11.5
353,Bulgan,MN,2022-07-06 17:05:41,48.8125,103.5347,54.45,88,96,3.2
354,Baoding,CN,2022-07-06 17:05:42,38.8511,115.4903,75.6,80,0,3.56
355,Bambanglipuro,ID,2022-07-06 17:05:43,-7.95,110.2833,76.05,88,100,6.55
356,Sakakah,SA,2022-07-06 17:05:43,29.9697,40.2064,90.07,12,0,11.05
357,Lavrentiya,RU,2022-07-06 17:05:43,65.5833,-171.0,45.36,92,100,2.73
358,Tajumulco,GT,2022-07-06 17:05:44,15.0833,-91.8833,65.19,71,82,1.54
359,Bonavista,CA,2022-07-06 17:02:11,48.6499,-53.1147,62.24,66,100,17.38
360,Moree,AU,2022-07-06 17:05:44,-29.4667,149.85,55.42,89,97,14.79
361,Amahai,ID,2022-07-06 17:05:45,-3.3333,128.9167,76.84,88,100,6.2
362,Naziya,RU,2022-07-06 17:05:45,59.8,31.3833,64.8,62,100,1.36
363,Port-Gentil,GA,2022-07-06 17:05:46,-0.7193,8.7815,76.96,73,75,10.36
364,Oskarshamn,SE,2022-07-06 17:05:46,57.2645,16.4484,67.98,40,91,7.54
365,Hualmay,PE,2022-07-06 17:05:47,-11.0964,-77.6139,65.98,71,48,8.63
366,Kamenka,RU,2022-07-06 17:05:47,51.3223,42.7678,68.36,55,1,4.47
367,Merauke,ID,2022-07-06 17:05:48,-8.4667,140.3333,76.46,91,99,9.6
368,Hendek,TR,2022-07-06 17:05:48,40.7994,30.7481,70.63,73,0,2.62
369,Olinda,BR,2022-07-06 17:05:48,-8.0089,-34.8553,82.13,65,40,11.5
370,Pafos,CY,2022-07-06 17:06:49,34.7667,32.4167,78.58,83,20,13.8
371,Saint Anthony,US,2022-07-06 17:06:50,45.0205,-93.218,76.66,78,100,9.22
372,Natal,BR,2022-07-06 17:06:50,-5.795,-35.2094,84.85,70,75,10.36
373,Angoram,PG,2022-07-06 17:06:51,-4.0625,144.0661,73.33,99,100,1.52
374,Tura,IN,2022-07-06 17:06:51,25.5198,90.2201,76.01,84,53,3.62
375,Udachnyy,RU,2022-07-06 17:06:51,66.4167,112.4,54.37,80,80,7.56
376,Painesville,US,2022-07-06 17:01:52,41.7245,-81.2457,75.7,79,100,8.05
377,Camana,PE,2022-07-06 17:06:52,-16.6228,-72.7111,64.69,73,72,9.66
378,Rieti,IT,2022-07-06 17:06:52,42.4072,12.8592,97.0,18,43,10.27
379,Nara,JP,2022-07-06 17:04:26,34.6851,135.8049,78.49,64,0,1.9
380,Caravelas,BR,2022-07-06 17:06:53,-17.7125,-39.2481,75.15,72,64,6.93
381,Novyy Urgal,RU,2022-07-06 17:06:54,51.0736,132.5642,67.57,92,35,2.89
382,Pokhara,NP,2022-07-06 17:06:56,28.2333,83.9833,73.56,92,56,3.27
383,Nouadhibou,MR,2022-07-06 17:06:56,20.931,-17.0347,71.78,73,0,26.87
384,Marawi,PH,2022-07-06 17:06:56,7.9986,124.2928,69.62,94,100,2.98
385,Srbobran,RS,2022-07-06 17:06:57,45.5539,19.8028,84.97,30,14,11.21
386,Jablah,SY,2022-07-06 17:06:57,35.3614,35.9256,80.89,65,40,10.36
387,Auki,SB,2022-07-06 17:06:58,-8.7676,160.7034,77.22,86,95,3.83
388,Qui Nhon,VN,2022-07-06 17:06:58,13.7667,109.2333,80.31,87,100,6.38
389,Pak Phanang,TH,2022-07-06 17:06:59,8.3511,100.202,78.76,84,98,10.07
390,Lagoa,PT,2022-07-06 17:07:00,39.05,-27.9833,66.06,82,100,13.96
391,Hwange,ZW,2022-07-06 17:07:00,-18.3693,26.5019,66.94,39,2,1.86
392,Rio Gallegos,AR,2022-07-06 17:03:56,-51.6226,-69.2181,33.73,75,100,9.75
393,Chimbarongo,CL,2022-07-06 17:07:01,-34.7,-71.05,49.08,96,100,4.7
394,Atasu,KZ,2022-07-06 17:07:01,48.6814,71.6433,63.3,60,82,8.37
395,Basco,PH,2022-07-06 17:07:02,20.4487,121.9702,84.13,79,26,12.19
396,Klaebu,NO,2022-07-06 17:07:02,63.2976,10.4826,55.63,76,98,3.02
397,Santa Helena,BR,2022-07-06 17:07:03,-2.2311,-45.3,88.05,53,18,4.63
398,Ferrol,ES,2022-07-06 17:07:03,43.4832,-8.2369,77.72,67,0,19.8
399,Kaeo,NZ,2022-07-06 17:07:03,-35.1,173.7833,57.02,90,100,5.21
400,Maltahohe,NA,2022-07-06 17:07:04,-24.8333,16.9833,59.25,27,0,4.0
401,Trapani,IT,2022-07-06 17:07:04,37.8333,12.6667,90.28,35,2,9.95
402,Porto Real,BR,2022-07-06 17:07:05,-22.4197,-44.2903,80.8,37,1,3.09
403,Naze,JP,2022-07-06 17:07:05,28.3667,129.4833,77.2,90,99,7.78
404,Dapaong,TG,2022-07-06 17:07:06,10.8639,0.205,87.39,49,86,6.98
405,Ulety,RU,2022-07-06 17:07:06,51.3572,112.4849,52.61,90,53,4.21
406,Tiznit,MA,2022-07-06 17:07:07,29.5833,-9.5,84.96,36,0,7.85
407,Dovolnoye,RU,2022-07-06 17:07:07,54.4958,79.6671,59.02,93,98,4.43
408,Marzuq,YE,2022-07-06 17:07:08,14.4,46.4667,88.88,16,100,4.07
409,Iracoubo,GF,2022-07-06 17:07:08,5.4802,-53.2011,78.31,80,93,2.77
410,Ugra,RU,2022-07-06 17:07:09,54.7777,34.3267,68.59,88,98,8.12
411,Vilyuysk,RU,2022-07-06 17:07:09,63.7553,121.6247,57.56,76,100,3.04
412,Faanui,PF,2022-07-06 17:07:10,-16.4833,-151.75,78.84,67,13,10.2
413,Erzin,TR,2022-07-06 17:07:10,36.9559,36.2,75.94,83,1,6.44
414,San Jose,US,2022-07-06 17:06:51,37.3394,-121.895,71.85,63,100,5.75
415,Morondava,MG,2022-07-06 17:07:11,-20.2833,44.2833,72.9,74,0,12.17
416,Tokoroa,NZ,2022-07-06 17:07:11,-38.2333,175.8667,43.05,85,100,2.19
417,Cap Malheureux,MU,2022-07-06 17:07:12,-19.9842,57.6142,69.48,60,48,5.01
418,Umm Lajj,SA,2022-07-06 17:02:50,25.0213,37.2685,88.68,46,3,9.62
419,Biak,ID,2022-07-06 17:07:12,-0.9131,122.8766,75.58,87,100,5.57
420,Kalmunai,LK,2022-07-06 17:08:13,7.4167,81.8167,83.61,70,100,3.13
421,Mount Gambier,AU,2022-07-06 17:08:13,-37.8333,140.7667,50.2,74,58,6.87
422,Talcahuano,CL,2022-07-06 17:08:14,-36.7167,-73.1167,51.48,66,75,12.66
423,Aksu,CN,2022-07-06 17:08:15,41.1231,80.2644,83.34,32,36,4.07
424,Tianpeng,CN,2022-07-06 17:08:16,30.9866,103.9393,78.91,66,11,5.3
425,Orlik,RU,2022-07-06 17:08:16,52.5178,99.825,50.07,91,100,3.71
426,Clyde River,CA,2022-07-06 17:03:24,70.4692,-68.5914,46.04,58,0,5.66
427,Fujinomiya,JP,2022-07-06 17:08:17,35.2167,138.6167,73.58,93,82,4.29
428,Vrangel,RU,2022-07-06 17:08:17,42.7297,133.0839,61.59,98,78,5.84
429,Praia Da Vitoria,PT,2022-07-06 17:08:18,38.7333,-27.0667,70.75,71,100,11.23
430,Goure,NE,2022-07-06 17:08:18,13.9835,10.2704,98.74,23,79,1.05
431,Wanaka,NZ,2022-07-06 17:08:18,-44.7,169.15,32.11,89,83,1.99
432,Riviere-Au-Renard,CA,2022-07-06 17:08:19,48.9957,-64.3971,62.89,73,100,6.46
433,Matara,LK,2022-07-06 17:04:04,5.9485,80.5353,79.5,82,100,10.63
434,Petropavlovsk-Kamchatskiy,RU,2022-07-06 17:07:53,53.0452,158.6483,53.85,95,100,2.21
435,Esil,KZ,2022-07-06 17:08:20,51.9556,66.4042,58.68,65,96,10.94
436,Vitoria Do Mearim,BR,2022-07-06 17:08:20,-3.4622,-44.8706,83.01,73,36,3.27
437,Wellington,NZ,2022-07-06 17:08:07,-41.2866,174.7756,40.66,100,83,4.61
438,Buala,SB,2022-07-06 17:08:21,-8.145,159.5921,79.07,81,100,6.51
439,Berezovyy,RU,2022-07-06 17:08:21,51.6667,135.7,71.85,82,2,3.69
440,Loa Janan,ID,2022-07-06 17:08:22,-0.583,117.095,73.74,98,91,3.18
441,Kavaratti,IN,2022-07-06 17:08:22,10.5669,72.642,81.52,83,98,17.25
442,Hauterive,FR,2022-07-06 17:08:23,46.0901,3.4459,75.96,51,0,9.17
443,Manggar,ID,2022-07-06 17:08:23,-2.8833,108.2667,81.23,74,19,4.41
444,Esperance,AU,2022-07-06 17:04:33,-33.8667,121.9,53.44,89,100,13.98
445,Sambava,MG,2022-07-06 17:08:24,-14.2667,50.1667,71.64,79,26,14.92
446,Norrtalje,SE,2022-07-06 17:08:26,59.758,18.705,66.43,45,73,3.74
447,Berlevag,NO,2022-07-06 17:03:49,70.8578,29.0864,57.2,76,0,8.05
448,Balsas,BR,2022-07-06 17:08:27,-7.5325,-46.0356,94.14,24,2,9.86
449,Port Hedland,AU,2022-07-06 17:08:28,-20.3167,118.5667,51.85,46,6,5.75
450,Saldanha,ZA,2022-07-06 17:08:28,-33.0117,17.9442,54.45,74,0,7.05
451,Ishigaki,JP,2022-07-06 17:08:29,24.3448,124.1572,85.23,78,6,15.28
452,Copacabana,CO,2022-07-06 17:08:03,6.3463,-75.5089,79.23,48,48,3.42
453,Hirara,JP,2022-07-06 17:08:30,24.8,125.2833,84.11,80,20,15.55
454,Ostrov,RU,2022-07-06 17:08:31,57.3439,28.3537,60.53,97,100,1.12
455,Lagos,NG,2022-07-06 17:07:48,6.5833,3.75,80.91,77,46,6.06
456,Asfi,MA,2022-07-06 17:08:31,32.2994,-9.2372,74.46,67,0,20.78
457,Goderich,CA,2022-07-06 17:08:32,43.7501,-81.7165,66.9,79,100,7.31
458,Pangody,RU,2022-07-06 17:08:32,65.85,74.4859,58.68,73,76,7.56
459,Diosjeno,HU,2022-07-06 17:08:33,47.9397,19.0432,79.72,31,39,15.05
460,Grand Gaube,MU,2022-07-06 17:08:33,-20.0064,57.6608,69.39,60,57,5.01
461,Vila Franca Do Campo,PT,2022-07-06 17:08:34,37.7167,-25.4333,68.41,70,100,7.63
462,San Andres,CO,2022-07-06 17:08:34,12.5847,-81.7006,86.02,74,75,12.66
463,Westport,US,2022-07-06 17:08:34,41.1415,-73.3579,87.75,54,20,17.27
464,Arrecife,ES,2022-07-06 17:08:35,28.963,-13.5477,78.78,57,20,25.32
465,Mount Pleasant,US,2022-07-06 17:08:35,32.7941,-79.8626,93.06,71,20,11.5
466,Luena,AO,2022-07-06 17:08:35,-11.7833,19.9167,64.81,35,12,5.01
467,Bulolo,PG,2022-07-06 17:08:36,-7.2,146.65,69.84,97,100,1.83
468,Banda Aceh,ID,2022-07-06 17:09:13,5.5577,95.3222,80.01,78,70,5.1
469,Wakkanai,JP,2022-07-06 17:09:36,45.4094,141.6739,60.49,94,32,6.42
470,Saint George,US,2022-07-06 17:04:39,37.1041,-113.5841,93.25,18,0,4.0
471,Santa Maria Da Vitoria,BR,2022-07-06 17:09:37,-13.3947,-44.1886,88.59,28,0,7.09
472,Booue,GA,2022-07-06 17:09:38,-0.0921,11.9385,80.65,70,92,3.06
473,Surt,LY,2022-07-06 17:09:38,31.2089,16.5887,83.93,68,0,9.35
474,Novyy Urengoy,RU,2022-07-06 17:09:38,66.0833,76.6333,57.61,75,82,8.5
475,Tigil,RU,2022-07-06 17:09:39,57.8,158.6667,49.73,91,88,4.7
476,Payson,US,2022-07-06 17:09:39,40.0444,-111.7321,87.91,27,0,5.75
477,Paamiut,GL,2022-07-06 17:09:40,61.994,-49.6678,42.58,96,100,2.66
478,Mumford,GH,2022-07-06 17:09:40,5.2618,-0.759,77.97,84,85,9.66
479,Zhob,PK,2022-07-06 17:08:21,31.3411,69.4481,83.35,55,100,14.05
480,Cortez,US,2022-07-06 17:09:19,37.3489,-108.5859,80.04,39,0,3.44
481,Eureka,US,2022-07-06 17:09:41,40.8021,-124.1637,68.67,80,96,1.99
482,Buta,CD,2022-07-06 17:09:41,2.7858,24.73,74.82,74,46,2.21
483,Adrar,MR,2022-07-06 17:09:42,20.5022,-10.0711,111.29,5,43,6.2
484,Mayo,US,2022-07-06 17:09:42,38.8876,-76.5119,88.99,64,0,11.5
485,Kochinda,IN,2022-07-06 17:09:42,21.7333,84.35,80.44,86,98,10.69
486,Bemidji,US,2022-07-06 17:06:16,47.4736,-94.8803,72.05,73,100,8.05
487,Deputatskiy,RU,2022-07-06 17:06:53,69.3,139.9,41.05,90,100,3.42
488,Sao Joao Dos Patos,BR,2022-07-06 17:09:43,-6.495,-43.7022,91.17,32,9,9.62
489,Xixiang,CN,2022-07-06 17:09:44,35.1628,112.865,80.06,70,0,2.75
490,Seda,LV,2022-07-06 17:09:44,57.65,25.75,60.06,73,100,3.85
491,Pekalongan,ID,2022-07-06 17:09:35,-6.8886,109.6753,72.01,82,62,3.31
492,Prainha,BR,2022-07-06 17:09:45,-1.8,-53.48,87.85,53,37,4.83
493,Meulaboh,ID,2022-07-06 17:09:45,4.1363,96.1285,77.83,85,41,3.6
494,Virginia Beach,US,2022-07-06 17:09:46,36.8529,-75.978,95.05,54,75,8.05
495,Parchim,DE,2022-07-06 17:09:46,53.4263,11.8488,65.71,38,90,10.67
496,Half Moon Bay,US,2022-07-06 17:09:47,37.4636,-122.4286,71.89,77,100,11.5
497,Bull Savanna,JM,2022-07-06 17:09:47,17.8868,-77.5902,83.7,63,23,10.0
498,Baneh,IR,2022-07-06 17:09:47,35.9975,45.8853,71.49,37,1,7.38
499,Olavarria,AR,2022-07-06 17:09:48,-36.8927,-60.3225,56.25,69,98,13.15
500,Renqiu,CN,2022-07-06 17:09:48,38.6989,116.0936,74.84,85,0,3.13
501,Yangjiang,CN,2022-07-06 17:09:49,21.85,111.9667,78.8,91,100,3.04
502,Tanout,NE,2022-07-06 17:09:49,14.9709,8.8879,91.47,33,76,12.59
503,Fez,MA,2022-07-06 17:09:49,34.0372,-4.9998,98.85,38,40,6.91
504,Santa Cruz De La Palma,ES,2022-07-06 17:09:22,28.6835,-17.7642,76.14,68,75,14.97
505,Algiers,DZ,2022-07-06 17:09:50,36.7525,3.042,84.02,66,0,6.91
506,Billings,US,2022-07-06 17:05:49,45.7833,-108.5007,81.52,62,20,5.75
507,Batemans Bay,AU,2022-07-06 17:09:50,-35.7167,150.1833,54.09,82,100,6.71
508,Ban Tak,TH,2022-07-06 17:09:51,17.0432,99.0813,76.82,93,100,3.98
509,Mandalgovi,MN,2022-07-06 17:08:10,45.7625,106.2708,71.26,31,100,14.52
510,Puerto Escondido,MX,2022-07-06 17:09:51,15.85,-97.0667,92.23,62,40,11.5
511,Flin Flon,CA,2022-07-06 17:06:53,54.7682,-101.865,62.44,59,100,2.3
512,Kungurtug,RU,2022-07-06 17:09:53,50.5994,97.5228,47.84,88,34,1.05
513,Emerald,AU,2022-07-06 17:09:53,-23.5333,148.1667,51.55,71,0,8.21
514,Teguldet,RU,2022-07-06 17:09:55,57.3064,88.1667,57.83,98,100,1.52
515,Svetlyy,RU,2022-07-06 17:09:55,54.675,20.1347,64.45,68,23,11.95
516,Tutoia,BR,2022-07-06 17:10:56,-2.7619,-42.2744,84.85,59,20,9.46
517,Sechura,PE,2022-07-06 17:10:56,-5.5569,-80.8222,72.82,59,20,11.1
518,Dwarka,IN,2022-07-06 17:10:56,22.2394,68.9678,82.81,84,79,12.37
519,Ca Mau,VN,2022-07-06 17:10:57,9.1769,105.15,79.18,91,100,5.39
520,Dzerzhinsk,RU,2022-07-06 17:10:57,56.2389,43.4631,82.22,51,40,6.71
521,Zeya,RU,2022-07-06 17:10:58,53.75,127.2667,70.25,97,100,9.46
522,Perpignan,FR,2022-07-06 17:10:58,42.75,2.75,85.73,32,0,14.97
523,Moose Factory,CA,2022-07-06 17:10:59,51.2585,-80.6094,69.58,32,88,6.22
524,Hovd,MN,2022-07-06 17:10:59,48.0056,91.6419,61.39,36,1,10.25
525,Boa Vista,BR,2022-07-06 17:09:09,2.8197,-60.6733,87.78,58,40,4.61
526,Pangai,TO,2022-07-06 17:11:00,-19.8,-174.35,75.7,69,46,20.38
527,Colatina,BR,2022-07-06 17:11:00,-19.5394,-40.6306,84.2,28,0,5.48
528,Leningradskiy,RU,2022-07-06 17:11:01,69.3833,178.4167,36.7,91,100,14.07
529,Chimbote,PE,2022-07-06 17:06:54,-9.0853,-78.5783,67.57,70,49,8.99
530,Port Lincoln,AU,2022-07-06 17:11:01,-34.7333,135.8667,52.68,73,63,9.26
531,Glendive,US,2022-07-06 17:11:02,47.1053,-104.7125,81.48,69,0,4.61
532,Marquette,US,2022-07-06 17:11:02,46.5333,-87.6335,67.77,79,54,8.48
533,Nishihara,JP,2022-07-06 17:11:03,26.1842,127.7558,81.68,89,20,6.91
534,Kochi,IN,2022-07-06 17:08:13,9.9399,76.2602,76.01,89,100,6.64
535,Chapais,CA,2022-07-06 17:11:04,49.7834,-74.8492,65.7,31,23,7.83
536,Karratha,AU,2022-07-06 17:11:04,-20.7377,116.8463,62.51,38,3,6.44
537,Tazovskiy,RU,2022-07-06 17:11:04,67.4667,78.7,51.57,74,50,9.13
538,Kaniama,CD,2022-07-06 17:11:05,-7.5667,24.1833,75.22,29,4,1.92
539,Laguna,US,2022-07-06 17:11:05,38.421,-121.4238,73.76,61,0,11.5
540,Sanand,IN,2022-07-06 17:11:06,22.9833,72.3833,88.02,69,85,12.91
541,Ekibastuz,KZ,2022-07-06 17:11:06,51.6667,75.3667,67.41,43,80,5.37
542,Meppel,NL,2022-07-06 17:11:07,52.6958,6.1944,64.98,79,94,1.01
543,Roma,US,2022-07-06 17:07:27,43.2128,-75.4557,74.37,73,100,10.36
544,Pudozh,RU,2022-07-06 17:11:07,61.8099,36.5345,66.2,56,65,3.11
545,Saint-Louis,SN,2022-07-06 17:11:08,16.3333,-15.0,97.66,28,69,19.62
546,Singkang,MY,2022-07-06 17:11:08,2.1006,102.7994,75.97,82,94,1.74
547,Sorrento,IT,2022-07-06 17:11:10,40.626,14.3744,90.61,100,1,6.15
548,Redmond,US,2022-07-06 17:10:01,47.674,-122.1215,68.31,84,100,1.99
549,Nhulunbuy,AU,2022-07-06 17:11:10,-12.2333,136.7667,68.61,73,40,6.91
550,Manono,CD,2022-07-06 17:11:11,-7.3,27.4167,79.0,25,12,0.69
551,Fort Nelson,CA,2022-07-06 17:11:11,58.8053,-122.7002,71.53,45,33,6.96
552,Saint-Augustin,CA,2022-07-06 17:11:12,51.226,-58.6502,62.8,51,100,11.12
553,Sangar,RU,2022-07-06 17:11:13,63.9242,127.4739,56.23,88,100,2.91
554,Sarmanovo,RU,2022-07-06 17:11:13,55.2553,52.5891,72.28,86,2,9.57
555,Daru,PG,2022-07-06 17:11:14,-9.0763,143.2092,77.56,90,100,13.51
556,Mitu,CO,2022-07-06 17:11:14,1.1983,-70.1733,86.52,60,19,0.13
557,Framingham,US,2022-07-06 17:11:15,42.2793,-71.4162,84.06,59,100,5.01
558,La Palma,US,2022-07-06 17:11:15,33.8464,-118.0467,78.19,82,100,4.61
559,Khani,GE,2022-07-06 17:11:16,41.9563,42.9566,67.57,63,0,6.04
560,Road Town,VG,2022-07-06 17:11:16,18.4167,-64.6167,87.89,70,40,12.66
561,Aswan,EG,2022-07-06 17:11:17,24.0934,32.907,99.5,13,39,13.6
562,Sorong,ID,2022-07-06 17:11:17,-0.8833,131.25,76.21,95,100,10.98
563,Larsnes,NO,2022-07-06 17:11:18,62.2028,5.5773,54.19,94,100,2.19
564,Fasa,IR,2022-07-06 17:12:18,28.9383,53.6482,86.88,38,83,7.05
565,Tolbazy,RU,2022-07-06 17:12:19,54.0241,55.8825,57.24,94,97,2.42
566,Byron Bay,AU,2022-07-06 17:12:19,-28.65,153.6167,55.94,81,28,9.98
567,Chadan,RU,2022-07-06 17:12:20,51.2833,91.5833,54.95,77,74,3.36
568,Wuan,CN,2022-07-06 17:12:20,31.6836,112.0044,76.86,83,2,4.52
569,Mongomo,GQ,2022-07-06 17:12:21,1.6274,11.3135,72.46,88,86,1.25
